{"cameraMode":{"drawMode":0,"name":"Shaded","section":"Shading Mode"},"sceneLighting":false,"audioPlay":false,"sceneViewState":{"showFog":true,"showMaterialUpdate":true,"showSkybox":false,"showFlares":true,"showImageEffects":true,"showParticleSystems":true},"in2DMode":false,"pivot":{"x":2.231050729751587,"y":5.619645118713379,"z":62.2801399230957},"rotation":{"x":-0.3782241940498352,"y":-0.18112938106060029,"z":0.07587806135416031,"w":-0.9047344326972961},"size":15.060298919677735,"orthographic":false}