{"cameraMode":{"drawMode":0,"name":"Shaded","section":"Shading Mode"},"sceneLighting":false,"audioPlay":false,"sceneViewState":{"showFog":true,"showMaterialUpdate":true,"showSkybox":false,"showFlares":true,"showImageEffects":true,"showParticleSystems":true},"in2DMode":false,"pivot":{"x":-0.6138285398483276,"y":-0.18940326571464539,"z":0.5865744352340698},"rotation":{"x":0.3533685505390167,"y":0.6180654168128967,"z":-0.36345770955085757,"w":0.6008859872817993},"size":5.69925594329834,"orthographic":true}