{"cameraMode":{"drawMode":0,"name":"Shaded","section":"Shading Mode"},"sceneLighting":false,"audioPlay":false,"sceneViewState":{"showFog":true,"showMaterialUpdate":true,"showSkybox":false,"showFlares":true,"showImageEffects":true,"showParticleSystems":true},"in2DMode":false,"pivot":{"x":-0.5099730491638184,"y":2.569999933242798,"z":-20.12803077697754},"rotation":{"x":-0.3782241940498352,"y":-0.18112938106060029,"z":0.07587806135416031,"w":-0.9047344326972961},"size":0.000017073167327907868,"orthographic":false}