{"cameraMode":{"drawMode":0,"name":"Shaded","section":"Shading Mode"},"sceneLighting":false,"audioPlay":false,"sceneViewState":{"showFog":true,"showMaterialUpdate":true,"showSkybox":false,"showFlares":true,"showImageEffects":true,"showParticleSystems":true},"in2DMode":false,"pivot":{"x":1.524314045906067,"y":0.6341475248336792,"z":1.2838181257247925},"rotation":{"x":0.049657076597213748,"y":-0.9092350006103516,"z":0.11349733918905258,"w":0.39751875400543215},"size":1.382256269454956,"orthographic":false}