{"cameraMode":{"drawMode":0,"name":"Shaded","section":"Shading Mode"},"sceneLighting":false,"audioPlay":false,"sceneViewState":{"showFog":true,"showMaterialUpdate":true,"showSkybox":false,"showFlares":true,"showImageEffects":true,"showParticleSystems":true},"in2DMode":false,"pivot":{"x":431.8131408691406,"y":1.4394469261169434,"z":251.16175842285157},"rotation":{"x":-0.18415139615535737,"y":-0.15233547985553742,"z":0.02891634777188301,"w":-0.9706236124038696},"size":29.793155670166017,"orthographic":false}