{"cameraMode":{"drawMode":0,"name":"Shaded","section":"Shading Mode"},"sceneLighting":false,"audioPlay":false,"sceneViewState":{"showFog":true,"showMaterialUpdate":true,"showSkybox":false,"showFlares":true,"showImageEffects":true,"showParticleSystems":true},"in2DMode":false,"pivot":{"x":230.49391174316407,"y":18.691043853759767,"z":113.66696166992188},"rotation":{"x":-0.181266188621521,"y":0.7459166646003723,"z":-0.22535212337970735,"w":-0.599977433681488},"size":20.733840942382814,"orthographic":false}