{"cameraMode":{"drawMode":0,"name":"Shaded","section":"Shading Mode"},"sceneLighting":false,"audioPlay":false,"sceneViewState":{"showFog":true,"showMaterialUpdate":true,"showSkybox":false,"showFlares":true,"showImageEffects":true,"showParticleSystems":true},"in2DMode":false,"pivot":{"x":4.921645164489746,"y":10.334413528442383,"z":19.502883911132814},"rotation":{"x":-0.09665986895561218,"y":0.897803783416748,"z":-0.24489422142505647,"w":-0.35326457023620608},"size":31.489452362060548,"orthographic":true}