{"cameraMode":{"drawMode":0,"name":"Shaded","section":"Shading Mode"},"sceneLighting":false,"audioPlay":false,"sceneViewState":{"showFog":true,"showMaterialUpdate":true,"showSkybox":false,"showFlares":true,"showImageEffects":true,"showParticleSystems":true},"in2DMode":false,"pivot":{"x":422.8834228515625,"y":25.70470428466797,"z":267.0245361328125},"rotation":{"x":-0.4371582567691803,"y":-0.18749405443668366,"z":0.09373471885919571,"w":-0.8746517896652222},"size":29.793155670166017,"orthographic":false}