{"cameraMode":{"drawMode":0,"name":"Shaded","section":"Shading Mode"},"sceneLighting":false,"audioPlay":false,"sceneViewState":{"showFog":true,"showMaterialUpdate":true,"showSkybox":false,"showFlares":true,"showImageEffects":true,"showParticleSystems":true},"in2DMode":false,"pivot":{"x":477.93572998046877,"y":2.4088592529296877,"z":293.8018798828125},"rotation":{"x":0.3684757649898529,"y":0.0523885153234005,"z":-0.020803403109312059,"w":0.9279271364212036},"size":60.532371520996097,"orthographic":false}