{"cameraMode":{"drawMode":0,"name":"Shaded","section":"Shading Mode"},"sceneLighting":false,"audioPlay":false,"sceneViewState":{"showFog":true,"showMaterialUpdate":true,"showSkybox":false,"showFlares":true,"showImageEffects":true,"showParticleSystems":true},"in2DMode":false,"pivot":{"x":4.76837158203125e-7,"y":28.7962646484375,"z":3.8332557678222658},"rotation":{"x":0.5781332850456238,"y":-0.10548221319913864,"z":0.0757034495472908,"w":0.8055474758148193},"size":26.854402542114259,"orthographic":true}