{"cameraMode":{"drawMode":0,"name":"Shaded","section":"Shading Mode"},"sceneLighting":false,"audioPlay":false,"sceneViewState":{"showFog":true,"showMaterialUpdate":true,"showSkybox":false,"showFlares":true,"showImageEffects":true,"showParticleSystems":true},"in2DMode":false,"pivot":{"x":-6.604171276092529,"y":0.09000003337860108,"z":-15.769631385803223},"rotation":{"x":-0.3782241940498352,"y":-0.18112938106060029,"z":0.07587806135416031,"w":-0.9047344326972961},"size":3.726356029510498,"orthographic":false}