{"cameraMode":{"drawMode":0,"name":"Shaded","section":"Shading Mode"},"sceneLighting":false,"audioPlay":false,"sceneViewState":{"showFog":true,"showMaterialUpdate":true,"showSkybox":false,"showFlares":true,"showImageEffects":true,"showParticleSystems":true},"in2DMode":false,"pivot":{"x":-16.692541122436525,"y":2.25,"z":-7.348458766937256},"rotation":{"x":-0.3679683804512024,"y":0.07280384749174118,"z":-0.02875717170536518,"w":-0.9266258478164673},"size":2.6989681720733644,"orthographic":false}