{"cameraMode":{"drawMode":0,"name":"Shaded","section":"Shading Mode"},"sceneLighting":false,"audioPlay":false,"sceneViewState":{"showFog":true,"showMaterialUpdate":true,"showSkybox":false,"showFlares":true,"showImageEffects":true,"showParticleSystems":true},"in2DMode":false,"pivot":{"x":234.86952209472657,"y":17.991043090820314,"z":109.78610229492188},"rotation":{"x":-0.008408645167946816,"y":0.5487541556358337,"z":-0.005227589979767799,"w":-0.8360180258750916},"size":20.733840942382814,"orthographic":false}