{"cameraMode":{"drawMode":0,"name":"Shaded","section":"Shading Mode"},"sceneLighting":true,"audioPlay":false,"sceneViewState":{"showFog":true,"showMaterialUpdate":true,"showSkybox":true,"showFlares":true,"showImageEffects":true,"showParticleSystems":true},"in2DMode":false,"pivot":{"x":475.0350646972656,"y":139.24209594726563,"z":232.91043090820313},"rotation":{"x":-0.11763039231300354,"y":0.012285632081329823,"z":-0.001346655422821641,"w":-0.9930918216705322},"size":335.3123474121094,"orthographic":true}