{"cameraMode":{"drawMode":0,"name":"Shaded","section":"Shading Mode"},"sceneLighting":false,"audioPlay":false,"sceneViewState":{"showFog":true,"showMaterialUpdate":true,"showSkybox":false,"showFlares":true,"showImageEffects":true,"showParticleSystems":true},"in2DMode":false,"pivot":{"x":422.8834228515625,"y":25.70470428466797,"z":267.0245361328125},"rotation":{"x":-0.16191111505031587,"y":-0.10162480920553208,"z":0.016763219609856607,"w":-0.9814457893371582},"size":37.12769317626953,"orthographic":false}