{"cameraMode":{"drawMode":0,"name":"Shaded","section":"Shading Mode"},"sceneLighting":false,"audioPlay":false,"sceneViewState":{"showFog":true,"showMaterialUpdate":true,"showSkybox":false,"showFlares":true,"showImageEffects":true,"showParticleSystems":true},"in2DMode":false,"pivot":{"x":-0.009509384632110596,"y":3.700000286102295,"z":81.02607727050781},"rotation":{"x":-0.3782241940498352,"y":-0.18112938106060029,"z":0.07587806135416031,"w":-0.9047344326972961},"size":11.149248123168946,"orthographic":false}